,How many graduating Ph.D. economists did you recruit in 2020?,What is the maximum possible number of graduating Ph.D. economists you could recruit in 2021?,"In a median scenario, how many graduating economics Ph.D.s do you anticipate recruiting in 2021?"
0,14.0,15.333333333333334,12.0
1,1.3333333333333333,1.0,0.3333333333333333
2,35.666666666666664,50.5,40.5
3,1.3333333333333333,1.6666666666666667,1.6666666666666667
4,3.6666666666666665,4.0,2.0
5,4.0,4.0,3.0
6,1.0,1.6666666666666667,0.6666666666666666
7,1.6666666666666667,2.3333333333333335,1.3333333333333333
8,0.6666666666666666,0.3333333333333333,0.0
