,How many Assistant Professor offers (tenure track or not) did your department make in 2020?,How many Postdoc offers (or similar temporary positions decided at the department level) did your department make in 2020?,What is the maximum possible number of Assistant Professor offers (tenure track or not) that you anticipate your department could make in 2021?,"In a median scenario, how many Assistant Professor offers (tenure track or not) do you anticipate your department would make in 2021?",What is the maximum possible number of Postdoc offers (or similar temporary positions decided at the department level) that you anticipate your department would make in 2021?,"In a median scenario, how many Postdoc offers  (or similar temporary positions decided at the department level) do you anticipate your department would make in 2021?",How many PhD students from your program went on the job market in 2020 (including for non-academic jobs)?,How many PhD students would you expect to be in a position to graduate in 2021 if it were a normal year?,How many students graduating from your program took jobs at colleges and universities in 2020?,How many students graduating from your program took private-sector jobs in 2020?,How many students graduating from your program took government and public-sector jobs in 2020?
0,5.333333333333333,1.0,1.0,0.3333333333333333,1.0,0.3333333333333333,14.0,18.0,6.333333333333333,4.666666666666667,1.3333333333333333
1,3.0,0.3333333333333333,0.6666666666666666,0.6666666666666666,0.6666666666666666,0.3333333333333333,3.5,4.0,2.5,1.0,0.0
2,2.3333333333333335,0.3333333333333333,1.0,0.3333333333333333,0.3333333333333333,0.0,11.333333333333334,13.5,8.666666666666666,1.6666666666666667,0.6666666666666666
3,2.6666666666666665,1.0,1.5,1.5,0.5,0.5,10.333333333333334,12.333333333333334,4.666666666666667,4.0,1.3333333333333333
4,0.0,0.0,0.0,1.0,0.5,0.5,11.5,11.0,5.0,5.5,4.5
